code,segment,kind,time,time_human,field,lib_val,fresh_val,abs_diff
600039,daily,TIME_MISSING_FRESH,1515945600000,2018-01-14 16:00:00,,,,
600039,daily,TIME_MISSING_FRESH,1516204800000,2018-01-17 16:00:00,,,,
600039,daily,TIME_MISSING_FRESH,1516291200000,2018-01-18 16:00:00,,,,
600039,daily,TIME_MISSING_FRESH,1516550400000,2018-01-21 16:00:00,,,,
600039,daily,TIME_MISSING_FRESH,1517155200000,2018-01-28 16:00:00,,,,
600039,daily,TIME_MISSING_FRESH,1517241600000,2018-01-29 16:00:00,,,,
600039,daily,TIME_MISSING_FRESH,1517328000000,2018-01-30 16:00:00,,,,
600039,daily,TIME_MISSING_FRESH,1517414400000,2018-01-31 16:00:00,,,,
600039,daily,TIME_MISSING_FRESH,1517500800000,2018-02-01 16:00:00,,,,
600039,daily,TIME_MISSING_FRESH,1517760000000,2018-02-04 16:00:00,,,,
600039,daily,TIME_MISSING_FRESH,1517846400000,2018-02-05 16:00:00,,,,
600039,daily,TIME_MISSING_FRESH,1517932800000,2018-02-06 16:00:00,,,,
600039,daily,TIME_MISSING_FRESH,1518019200000,2018-02-07 16:00:00,,,,
600039,daily,TIME_MISSING_FRESH,1518105600000,2018-02-08 16:00:00,,,,
600039,daily,TIME_MISSING_FRESH,1518364800000,2018-02-11 16:00:00,,,,
600039,daily,TIME_MISSING_FRESH,1518451200000,2018-02-12 16:00:00,,,,
600039,daily,TIME_MISSING_FRESH,1518537600000,2018-02-13 16:00:00,,,,
600039,daily,TIME_MISSING_FRESH,1519228800000,2018-02-21 16:00:00,,,,
600039,daily,TIME_MISSING_FRESH,1519315200000,2018-02-22 16:00:00,,,,
600039,daily,TIME_MISSING_FRESH,1519574400000,2018-02-25 16:00:00,,,,
600039,daily,TIME_MISSING_FRESH,1519660800000,2018-02-26 16:00:00,,,,
600039,daily,TIME_MISSING_FRESH,1519747200000,2018-02-27 16:00:00,,,,
600039,daily,TIME_MISSING_FRESH,1519833600000,2018-02-28 16:00:00,,,,
600039,daily,TIME_MISSING_FRESH,1519920000000,2018-03-01 16:00:00,,,,
600039,daily,TIME_MISSING_FRESH,1520179200000,2018-03-04 16:00:00,,,,
600039,daily,TIME_MISSING_FRESH,1520438400000,2018-03-07 16:00:00,,,,
600039,daily,TIME_MISSING_FRESH,1520524800000,2018-03-08 16:00:00,,,,
600039,daily,TIME_MISSING_FRESH,1520784000000,2018-03-11 16:00:00,,,,
600039,daily,TIME_MISSING_FRESH,1520870400000,2018-03-12 16:00:00,,,,
600039,daily,TIME_MISSING_FRESH,1520956800000,2018-03-13 16:00:00,,,,
600039,daily,TIME_MISSING_FRESH,1521043200000,2018-03-14 16:00:00,,,,
600039,daily,TIME_MISSING_FRESH,1521129600000,2018-03-15 16:00:00,,,,
600039,daily,TIME_MISSING_FRESH,1521388800000,2018-03-18 16:00:00,,,,
600039,daily,TIME_MISSING_FRESH,1521475200000,2018-03-19 16:00:00,,,,
600039,daily,TIME_MISSING_FRESH,1521561600000,2018-03-20 16:00:00,,,,
600039,daily,TIME_MISSING_FRESH,1521648000000,2018-03-21 16:00:00,,,,
600039,daily,TIME_MISSING_FRESH,1521734400000,2018-03-22 16:00:00,,,,
600039,daily,TIME_MISSING_FRESH,1521993600000,2018-03-25 16:00:00,,,,
600039,daily,TIME_MISSING_FRESH,1522080000000,2018-03-26 16:00:00,,,,
600039,daily,TIME_MISSING_FRESH,1522166400000,2018-03-27 16:00:00,,,,
600039,daily,TIME_MISSING_FRESH,1522252800000,2018-03-28 16:00:00,,,,
600039,daily,TIME_MISSING_FRESH,1522339200000,2018-03-29 16:00:00,,,,
600039,daily,TIME_MISSING_FRESH,1522598400000,2018-04-01 16:00:00,,,,
600039,daily,TIME_MISSING_FRESH,1522684800000,2018-04-02 16:00:00,,,,
600039,daily,TIME_MISSING_FRESH,1522771200000,2018-04-03 16:00:00,,,,
600039,daily,TIME_MISSING_FRESH,1523203200000,2018-04-08 16:00:00,,,,
600039,daily,TIME_MISSING_FRESH,1523289600000,2018-04-09 16:00:00,,,,
600039,daily,TIME_MISSING_FRESH,1523376000000,2018-04-10 16:00:00,,,,
600039,daily,TIME_MISSING_FRESH,1523462400000,2018-04-11 16:00:00,,,,
600039,daily,TIME_MISSING_FRESH,1523548800000,2018-04-12 16:00:00,,,,
600039,daily,TIME_MISSING_FRESH,1523808000000,2018-04-15 16:00:00,,,,
600039,daily,TIME_MISSING_FRESH,1523894400000,2018-04-16 16:00:00,,,,
600039,daily,TIME_MISSING_FRESH,1523980800000,2018-04-17 16:00:00,,,,
600039,daily,TIME_MISSING_FRESH,1524067200000,2018-04-18 16:00:00,,,,
600039,daily,TIME_MISSING_FRESH,1524153600000,2018-04-19 16:00:00,,,,
600039,daily,TIME_MISSING_FRESH,1524412800000,2018-04-22 16:00:00,,,,
600039,daily,TIME_MISSING_FRESH,1524499200000,2018-04-23 16:00:00,,,,
600039,daily,TIME_MISSING_FRESH,1524585600000,2018-04-24 16:00:00,,,,
600039,daily,TIME_MISSING_FRESH,1524672000000,2018-04-25 16:00:00,,,,
600039,daily,TIME_MISSING_FRESH,1524758400000,2018-04-26 16:00:00,,,,
600039,daily,TIME_MISSING_FRESH,1525190400000,2018-05-01 16:00:00,,,,
600039,daily,TIME_MISSING_FRESH,1525276800000,2018-05-02 16:00:00,,,,
600039,daily,TIME_MISSING_FRESH,1525363200000,2018-05-03 16:00:00,,,,
600039,daily,TIME_MISSING_FRESH,1525622400000,2018-05-06 16:00:00,,,,
600039,daily,TIME_MISSING_FRESH,1525708800000,2018-05-07 16:00:00,,,,
600039,daily,TIME_MISSING_FRESH,1525795200000,2018-05-08 16:00:00,,,,
600039,daily,TIME_MISSING_FRESH,1525881600000,2018-05-09 16:00:00,,,,
600039,daily,TIME_MISSING_FRESH,1525968000000,2018-05-10 16:00:00,,,,
600039,daily,TIME_MISSING_FRESH,1526227200000,2018-05-13 16:00:00,,,,
600039,daily,TIME_MISSING_FRESH,1526313600000,2018-05-14 16:00:00,,,,
600039,daily,TIME_MISSING_FRESH,1526400000000,2018-05-15 16:00:00,,,,
600039,daily,TIME_MISSING_FRESH,1526486400000,2018-05-16 16:00:00,,,,
600039,daily,TIME_MISSING_FRESH,1526918400000,2018-05-21 16:00:00,,,,
600039,daily,TIME_MISSING_FRESH,1527004800000,2018-05-22 16:00:00,,,,
600039,daily,TIME_MISSING_FRESH,1527177600000,2018-05-24 16:00:00,,,,
600039,daily,TIME_MISSING_FRESH,1527436800000,2018-05-27 16:00:00,,,,
600039,daily,TIME_MISSING_FRESH,1527523200000,2018-05-28 16:00:00,,,,
600039,daily,TIME_MISSING_FRESH,1527609600000,2018-05-29 16:00:00,,,,
600039,daily,TIME_MISSING_FRESH,1527696000000,2018-05-30 16:00:00,,,,
600039,daily,TIME_MISSING_FRESH,1527782400000,2018-05-31 16:00:00,,,,
600039,daily,TIME_MISSING_FRESH,1528041600000,2018-06-03 16:00:00,,,,
600039,daily,TIME_MISSING_FRESH,1528128000000,2018-06-04 16:00:00,,,,
600039,daily,TIME_MISSING_FRESH,1528214400000,2018-06-05 16:00:00,,,,
600039,daily,TIME_MISSING_FRESH,1528300800000,2018-06-06 16:00:00,,,,
600039,daily,TIME_MISSING_FRESH,1528387200000,2018-06-07 16:00:00,,,,
600039,daily,TIME_MISSING_FRESH,1528646400000,2018-06-10 16:00:00,,,,
600039,daily,TIME_MISSING_FRESH,1528732800000,2018-06-11 16:00:00,,,,
600039,daily,TIME_MISSING_FRESH,1528819200000,2018-06-12 16:00:00,,,,
600039,daily,TIME_MISSING_FRESH,1528905600000,2018-06-13 16:00:00,,,,
600039,daily,TIME_MISSING_FRESH,1528992000000,2018-06-14 16:00:00,,,,
600039,daily,TIME_MISSING_FRESH,1529337600000,2018-06-18 16:00:00,,,,
600039,daily,TIME_MISSING_FRESH,1529424000000,2018-06-19 16:00:00,,,,
600039,daily,TIME_MISSING_FRESH,1529510400000,2018-06-20 16:00:00,,,,
600039,daily,TIME_MISSING_FRESH,1529596800000,2018-06-21 16:00:00,,,,
600039,daily,TIME_MISSING_FRESH,1529856000000,2018-06-24 16:00:00,,,,
600039,daily,TIME_MISSING_FRESH,1529942400000,2018-06-25 16:00:00,,,,
600039,daily,TIME_MISSING_FRESH,1530028800000,2018-06-26 16:00:00,,,,
600039,daily,TIME_MISSING_FRESH,1530115200000,2018-06-27 16:00:00,,,,
600039,daily,TIME_MISSING_FRESH,1530201600000,2018-06-28 16:00:00,,,,
600039,daily,TIME_MISSING_FRESH,1530460800000,2018-07-01 16:00:00,,,,
600039,daily,TIME_MISSING_FRESH,1530547200000,2018-07-02 16:00:00,,,,
600039,daily,TIME_MISSING_FRESH,1530633600000,2018-07-03 16:00:00,,,,
600039,daily,TIME_MISSING_FRESH,1530720000000,2018-07-04 16:00:00,,,,
600039,daily,TIME_MISSING_FRESH,1530806400000,2018-07-05 16:00:00,,,,
600039,daily,TIME_MISSING_FRESH,1531065600000,2018-07-08 16:00:00,,,,
600039,daily,TIME_MISSING_FRESH,1531152000000,2018-07-09 16:00:00,,,,
600039,daily,TIME_MISSING_FRESH,1531238400000,2018-07-10 16:00:00,,,,
600039,daily,TIME_MISSING_FRESH,1531324800000,2018-07-11 16:00:00,,,,
600039,daily,TIME_MISSING_FRESH,1531411200000,2018-07-12 16:00:00,,,,
600039,daily,TIME_MISSING_FRESH,1531670400000,2018-07-15 16:00:00,,,,
600039,daily,TIME_MISSING_FRESH,1531756800000,2018-07-16 16:00:00,,,,
600039,daily,TIME_MISSING_FRESH,1531843200000,2018-07-17 16:00:00,,,,
600039,daily,TIME_MISSING_FRESH,1531929600000,2018-07-18 16:00:00,,,,
600039,daily,TIME_MISSING_FRESH,1532016000000,2018-07-19 16:00:00,,,,
600039,daily,TIME_MISSING_FRESH,1532275200000,2018-07-22 16:00:00,,,,
600039,daily,TIME_MISSING_FRESH,1532361600000,2018-07-23 16:00:00,,,,
600039,daily,TIME_MISSING_FRESH,1532448000000,2018-07-24 16:00:00,,,,
600039,daily,TIME_MISSING_FRESH,1532534400000,2018-07-25 16:00:00,,,,
600039,daily,TIME_MISSING_FRESH,1532620800000,2018-07-26 16:00:00,,,,
600039,daily,TIME_MISSING_FRESH,1532880000000,2018-07-29 16:00:00,,,,
600039,daily,TIME_MISSING_FRESH,1532966400000,2018-07-30 16:00:00,,,,
600039,daily,TIME_MISSING_FRESH,1533052800000,2018-07-31 16:00:00,,,,
600039,daily,TIME_MISSING_FRESH,1533139200000,2018-08-01 16:00:00,,,,
600039,daily,TIME_MISSING_FRESH,1533225600000,2018-08-02 16:00:00,,,,
600039,daily,TIME_MISSING_FRESH,1533484800000,2018-08-05 16:00:00,,,,
600039,daily,TIME_MISSING_FRESH,1533571200000,2018-08-06 16:00:00,,,,
600039,daily,TIME_MISSING_FRESH,1533657600000,2018-08-07 16:00:00,,,,
600039,daily,TIME_MISSING_FRESH,1533744000000,2018-08-08 16:00:00,,,,
600039,daily,TIME_MISSING_FRESH,1533830400000,2018-08-09 16:00:00,,,,
600039,daily,TIME_MISSING_FRESH,1534089600000,2018-08-12 16:00:00,,,,
600039,daily,TIME_MISSING_FRESH,1534176000000,2018-08-13 16:00:00,,,,
600039,daily,TIME_MISSING_FRESH,1534262400000,2018-08-14 16:00:00,,,,
600039,daily,TIME_MISSING_FRESH,1534348800000,2018-08-15 16:00:00,,,,
600039,daily,TIME_MISSING_FRESH,1534435200000,2018-08-16 16:00:00,,,,
600039,daily,TIME_MISSING_FRESH,1534694400000,2018-08-19 16:00:00,,,,
600039,daily,TIME_MISSING_FRESH,1534780800000,2018-08-20 16:00:00,,,,
600039,daily,TIME_MISSING_FRESH,1534867200000,2018-08-21 16:00:00,,,,
600039,daily,TIME_MISSING_FRESH,1534953600000,2018-08-22 16:00:00,,,,
600039,daily,TIME_MISSING_FRESH,1535040000000,2018-08-23 16:00:00,,,,
600039,daily,TIME_MISSING_FRESH,1535299200000,2018-08-26 16:00:00,,,,
600039,daily,TIME_MISSING_FRESH,1535385600000,2018-08-27 16:00:00,,,,
600039,daily,TIME_MISSING_FRESH,1535472000000,2018-08-28 16:00:00,,,,
600039,daily,TIME_MISSING_FRESH,1535558400000,2018-08-29 16:00:00,,,,
600039,daily,TIME_MISSING_FRESH,1535644800000,2018-08-30 16:00:00,,,,
600039,daily,TIME_MISSING_FRESH,1535904000000,2018-09-02 16:00:00,,,,
600039,daily,TIME_MISSING_FRESH,1535990400000,2018-09-03 16:00:00,,,,
600039,daily,TIME_MISSING_FRESH,1536076800000,2018-09-04 16:00:00,,,,
600039,daily,TIME_MISSING_FRESH,1536163200000,2018-09-05 16:00:00,,,,
600039,daily,TIME_MISSING_FRESH,1536249600000,2018-09-06 16:00:00,,,,
600039,daily,TIME_MISSING_FRESH,1536508800000,2018-09-09 16:00:00,,,,
600039,daily,TIME_MISSING_FRESH,1536595200000,2018-09-10 16:00:00,,,,
600039,daily,TIME_MISSING_FRESH,1536681600000,2018-09-11 16:00:00,,,,
600039,daily,TIME_MISSING_FRESH,1536768000000,2018-09-12 16:00:00,,,,
600039,daily,TIME_MISSING_FRESH,1536854400000,2018-09-13 16:00:00,,,,
600039,daily,TIME_MISSING_FRESH,1537113600000,2018-09-16 16:00:00,,,,
600039,daily,TIME_MISSING_FRESH,1537200000000,2018-09-17 16:00:00,,,,
600039,daily,TIME_MISSING_FRESH,1537286400000,2018-09-18 16:00:00,,,,
600039,daily,TIME_MISSING_FRESH,1537372800000,2018-09-19 16:00:00,,,,
600039,daily,TIME_MISSING_FRESH,1537459200000,2018-09-20 16:00:00,,,,
600039,daily,TIME_MISSING_FRESH,1537804800000,2018-09-24 16:00:00,,,,
600039,daily,TIME_MISSING_FRESH,1537891200000,2018-09-25 16:00:00,,,,
600039,daily,TIME_MISSING_FRESH,1537977600000,2018-09-26 16:00:00,,,,
600039,daily,TIME_MISSING_FRESH,1538064000000,2018-09-27 16:00:00,,,,
600039,daily,TIME_MISSING_FRESH,1538928000000,2018-10-07 16:00:00,,,,
600039,daily,TIME_MISSING_FRESH,1539014400000,2018-10-08 16:00:00,,,,
600039,daily,TIME_MISSING_FRESH,1539100800000,2018-10-09 16:00:00,,,,
600039,daily,TIME_MISSING_FRESH,1539187200000,2018-10-10 16:00:00,,,,
600039,daily,TIME_MISSING_FRESH,1539273600000,2018-10-11 16:00:00,,,,
600039,daily,TIME_MISSING_FRESH,1539532800000,2018-10-14 16:00:00,,,,
600039,daily,TIME_MISSING_FRESH,1539619200000,2018-10-15 16:00:00,,,,
600039,daily,TIME_MISSING_FRESH,1539705600000,2018-10-16 16:00:00,,,,
600039,daily,TIME_MISSING_FRESH,1539792000000,2018-10-17 16:00:00,,,,
600039,daily,TIME_MISSING_FRESH,1539878400000,2018-10-18 16:00:00,,,,
600039,daily,TIME_MISSING_FRESH,1540137600000,2018-10-21 16:00:00,,,,
600039,daily,TIME_MISSING_FRESH,1540224000000,2018-10-22 16:00:00,,,,
600039,daily,TIME_MISSING_FRESH,1540310400000,2018-10-23 16:00:00,,,,
600039,daily,TIME_MISSING_FRESH,1540396800000,2018-10-24 16:00:00,,,,
600039,daily,TIME_MISSING_FRESH,1540483200000,2018-10-25 16:00:00,,,,
600039,daily,TIME_MISSING_FRESH,1540742400000,2018-10-28 16:00:00,,,,
600039,daily,TIME_MISSING_FRESH,1540828800000,2018-10-29 16:00:00,,,,
600039,daily,TIME_MISSING_FRESH,1540915200000,2018-10-30 16:00:00,,,,
600039,daily,TIME_MISSING_FRESH,1541001600000,2018-10-31 16:00:00,,,,
600039,daily,TIME_MISSING_FRESH,1541088000000,2018-11-01 16:00:00,,,,
600039,daily,TIME_MISSING_FRESH,1541347200000,2018-11-04 16:00:00,,,,
600039,daily,TIME_MISSING_FRESH,1541433600000,2018-11-05 16:00:00,,,,
600039,daily,TIME_MISSING_FRESH,1541520000000,2018-11-06 16:00:00,,,,
600039,daily,TIME_MISSING_FRESH,1541606400000,2018-11-07 16:00:00,,,,
600039,daily,TIME_MISSING_FRESH,1541692800000,2018-11-08 16:00:00,,,,
600039,daily,TIME_MISSING_FRESH,1541952000000,2018-11-11 16:00:00,,,,
600039,daily,TIME_MISSING_FRESH,1542038400000,2018-11-12 16:00:00,,,,
600039,daily,TIME_MISSING_FRESH,1542124800000,2018-11-13 16:00:00,,,,
600039,daily,TIME_MISSING_FRESH,1542211200000,2018-11-14 16:00:00,,,,
600039,daily,TIME_MISSING_FRESH,1542297600000,2018-11-15 16:00:00,,,,
600039,daily,TIME_MISSING_FRESH,1542556800000,2018-11-18 16:00:00,,,,
600039,daily,TIME_MISSING_FRESH,1542643200000,2018-11-19 16:00:00,,,,
600039,daily,TIME_MISSING_FRESH,1542729600000,2018-11-20 16:00:00,,,,
600039,daily,TIME_MISSING_FRESH,1542816000000,2018-11-21 16:00:00,,,,
600039,daily,TIME_MISSING_FRESH,1542902400000,2018-11-22 16:00:00,,,,
600039,daily,TIME_MISSING_FRESH,1543161600000,2018-11-25 16:00:00,,,,
600039,daily,TIME_MISSING_FRESH,1543248000000,2018-11-26 16:00:00,,,,
600039,daily,TIME_MISSING_FRESH,1543334400000,2018-11-27 16:00:00,,,,
600039,daily,TIME_MISSING_FRESH,1543420800000,2018-11-28 16:00:00,,,,
600039,daily,TIME_MISSING_FRESH,1543507200000,2018-11-29 16:00:00,,,,
600039,daily,TIME_MISSING_FRESH,1543766400000,2018-12-02 16:00:00,,,,
600039,daily,TIME_MISSING_FRESH,1543852800000,2018-12-03 16:00:00,,,,
600039,daily,TIME_MISSING_FRESH,1543939200000,2018-12-04 16:00:00,,,,
600039,daily,TIME_MISSING_FRESH,1544025600000,2018-12-05 16:00:00,,,,
600039,daily,TIME_MISSING_FRESH,1544112000000,2018-12-06 16:00:00,,,,
600039,daily,TIME_MISSING_FRESH,1544371200000,2018-12-09 16:00:00,,,,
600039,daily,TIME_MISSING_FRESH,1544457600000,2018-12-10 16:00:00,,,,
600039,daily,TIME_MISSING_FRESH,1544544000000,2018-12-11 16:00:00,,,,
600039,daily,TIME_MISSING_FRESH,1544630400000,2018-12-12 16:00:00,,,,
600039,daily,TIME_MISSING_FRESH,1544716800000,2018-12-13 16:00:00,,,,
600039,daily,TIME_MISSING_FRESH,1544976000000,2018-12-16 16:00:00,,,,
600039,daily,TIME_MISSING_FRESH,1545062400000,2018-12-17 16:00:00,,,,
600039,daily,TIME_MISSING_FRESH,1545148800000,2018-12-18 16:00:00,,,,
600039,daily,TIME_MISSING_FRESH,1545235200000,2018-12-19 16:00:00,,,,
600039,daily,TIME_MISSING_FRESH,1545321600000,2018-12-20 16:00:00,,,,
600039,daily,TIME_MISSING_FRESH,1545580800000,2018-12-23 16:00:00,,,,
600039,daily,TIME_MISSING_FRESH,1545667200000,2018-12-24 16:00:00,,,,
600039,daily,TIME_MISSING_FRESH,1545753600000,2018-12-25 16:00:00,,,,
600039,daily,TIME_MISSING_FRESH,1545840000000,2018-12-26 16:00:00,,,,
600039,daily,TIME_MISSING_FRESH,1545926400000,2018-12-27 16:00:00,,,,
600039,daily,TIME_MISSING_FRESH,1546358400000,2019-01-01 16:00:00,,,,
600039,daily,TIME_MISSING_FRESH,1546444800000,2019-01-02 16:00:00,,,,
600039,daily,TIME_MISSING_FRESH,1546531200000,2019-01-03 16:00:00,,,,
600039,daily,TIME_MISSING_FRESH,1546790400000,2019-01-06 16:00:00,,,,
600039,daily,TIME_MISSING_FRESH,1546876800000,2019-01-07 16:00:00,,,,
600039,daily,TIME_MISSING_FRESH,1546963200000,2019-01-08 16:00:00,,,,
600039,daily,TIME_MISSING_FRESH,1547049600000,2019-01-09 16:00:00,,,,
600039,daily,TIME_MISSING_FRESH,1547136000000,2019-01-10 16:00:00,,,,
600039,daily,TIME_MISSING_FRESH,1547395200000,2019-01-13 16:00:00,,,,
600039,daily,TIME_MISSING_FRESH,1547481600000,2019-01-14 16:00:00,,,,
600039,daily,TIME_MISSING_FRESH,1547568000000,2019-01-15 16:00:00,,,,
600039,daily,TIME_MISSING_FRESH,1547654400000,2019-01-16 16:00:00,,,,
600039,daily,TIME_MISSING_FRESH,1547740800000,2019-01-17 16:00:00,,,,
600039,daily,TIME_MISSING_FRESH,1548000000000,2019-01-20 16:00:00,,,,
600039,daily,TIME_MISSING_FRESH,1548086400000,2019-01-21 16:00:00,,,,
600039,daily,TIME_MISSING_FRESH,1548172800000,2019-01-22 16:00:00,,,,
600039,daily,TIME_MISSING_FRESH,1548259200000,2019-01-23 16:00:00,,,,
600039,daily,TIME_MISSING_FRESH,1548345600000,2019-01-24 16:00:00,,,,
600039,daily,TIME_MISSING_FRESH,1548604800000,2019-01-27 16:00:00,,,,
600039,daily,TIME_MISSING_FRESH,1548691200000,2019-01-28 16:00:00,,,,
600039,daily,TIME_MISSING_FRESH,1548777600000,2019-01-29 16:00:00,,,,
600039,daily,TIME_MISSING_FRESH,1548864000000,2019-01-30 16:00:00,,,,
600039,daily,TIME_MISSING_FRESH,1548950400000,2019-01-31 16:00:00,,,,
600039,daily,TIME_MISSING_FRESH,1549814400000,2019-02-10 16:00:00,,,,
600039,daily,TIME_MISSING_FRESH,1549900800000,2019-02-11 16:00:00,,,,
600039,daily,TIME_MISSING_FRESH,1549987200000,2019-02-12 16:00:00,,,,
600039,daily,TIME_MISSING_FRESH,1550073600000,2019-02-13 16:00:00,,,,
600039,daily,TIME_MISSING_FRESH,1550160000000,2019-02-14 16:00:00,,,,
600039,daily,TIME_MISSING_FRESH,1550419200000,2019-02-17 16:00:00,,,,
600039,daily,TIME_MISSING_FRESH,1550505600000,2019-02-18 16:00:00,,,,
600039,daily,TIME_MISSING_FRESH,1550592000000,2019-02-19 16:00:00,,,,
600039,daily,TIME_MISSING_FRESH,1550678400000,2019-02-20 16:00:00,,,,
600039,daily,TIME_MISSING_FRESH,1550764800000,2019-02-21 16:00:00,,,,
600039,daily,TIME_MISSING_FRESH,1551024000000,2019-02-24 16:00:00,,,,
600039,daily,TIME_MISSING_FRESH,1551110400000,2019-02-25 16:00:00,,,,
600039,daily,TIME_MISSING_FRESH,1551196800000,2019-02-26 16:00:00,,,,
600039,daily,TIME_MISSING_FRESH,1551283200000,2019-02-27 16:00:00,,,,
600039,daily,TIME_MISSING_FRESH,1551369600000,2019-02-28 16:00:00,,,,
600039,daily,TIME_MISSING_FRESH,1551628800000,2019-03-03 16:00:00,,,,
600039,daily,TIME_MISSING_FRESH,1551715200000,2019-03-04 16:00:00,,,,
600039,daily,TIME_MISSING_FRESH,1551801600000,2019-03-05 16:00:00,,,,
600039,daily,TIME_MISSING_FRESH,1551888000000,2019-03-06 16:00:00,,,,
600039,daily,TIME_MISSING_FRESH,1551974400000,2019-03-07 16:00:00,,,,
600039,daily,TIME_MISSING_FRESH,1552233600000,2019-03-10 16:00:00,,,,
600039,daily,TIME_MISSING_FRESH,1552320000000,2019-03-11 16:00:00,,,,
600039,daily,TIME_MISSING_FRESH,1552406400000,2019-03-12 16:00:00,,,,
600039,daily,TIME_MISSING_FRESH,1552492800000,2019-03-13 16:00:00,,,,
600039,daily,TIME_MISSING_FRESH,1552579200000,2019-03-14 16:00:00,,,,
600039,daily,TIME_MISSING_FRESH,1552838400000,2019-03-17 16:00:00,,,,
600039,daily,TIME_MISSING_FRESH,1552924800000,2019-03-18 16:00:00,,,,
600039,daily,TIME_MISSING_FRESH,1553011200000,2019-03-19 16:00:00,,,,
600039,daily,TIME_MISSING_FRESH,1553097600000,2019-03-20 16:00:00,,,,
600039,daily,TIME_MISSING_FRESH,1553184000000,2019-03-21 16:00:00,,,,
600039,daily,TIME_MISSING_FRESH,1553443200000,2019-03-24 16:00:00,,,,
600039,daily,TIME_MISSING_FRESH,1553529600000,2019-03-25 16:00:00,,,,
600039,daily,TIME_MISSING_FRESH,1553616000000,2019-03-26 16:00:00,,,,
600039,daily,TIME_MISSING_FRESH,1553702400000,2019-03-27 16:00:00,,,,
600039,daily,TIME_MISSING_FRESH,1553788800000,2019-03-28 16:00:00,,,,
600039,daily,TIME_MISSING_FRESH,1554048000000,2019-03-31 16:00:00,,,,
600039,daily,TIME_MISSING_FRESH,1554134400000,2019-04-01 16:00:00,,,,
600039,daily,TIME_MISSING_FRESH,1554220800000,2019-04-02 16:00:00,,,,
600039,daily,TIME_MISSING_FRESH,1554307200000,2019-04-03 16:00:00,,,,
600039,daily,TIME_MISSING_FRESH,1554652800000,2019-04-07 16:00:00,,,,
600039,daily,TIME_MISSING_FRESH,1554739200000,2019-04-08 16:00:00,,,,
600039,daily,TIME_MISSING_FRESH,1554825600000,2019-04-09 16:00:00,,,,
600039,daily,TIME_MISSING_FRESH,1554912000000,2019-04-10 16:00:00,,,,
600039,daily,TIME_MISSING_FRESH,1554998400000,2019-04-11 16:00:00,,,,
600039,daily,TIME_MISSING_FRESH,1555257600000,2019-04-14 16:00:00,,,,
600039,daily,TIME_MISSING_FRESH,1555344000000,2019-04-15 16:00:00,,,,
600039,daily,TIME_MISSING_FRESH,1555430400000,2019-04-16 16:00:00,,,,
600039,daily,TIME_MISSING_FRESH,1555516800000,2019-04-17 16:00:00,,,,
600039,daily,TIME_MISSING_FRESH,1555603200000,2019-04-18 16:00:00,,,,
600039,daily,TIME_MISSING_FRESH,1555862400000,2019-04-21 16:00:00,,,,
600039,daily,TIME_MISSING_FRESH,1555948800000,2019-04-22 16:00:00,,,,
600039,daily,TIME_MISSING_FRESH,1556035200000,2019-04-23 16:00:00,,,,
600039,daily,TIME_MISSING_FRESH,1556121600000,2019-04-24 16:00:00,,,,
600039,daily,TIME_MISSING_FRESH,1556208000000,2019-04-25 16:00:00,,,,
600039,daily,TIME_MISSING_FRESH,1556467200000,2019-04-28 16:00:00,,,,
600039,daily,TIME_MISSING_FRESH,1556553600000,2019-04-29 16:00:00,,,,
600039,daily,TIME_MISSING_FRESH,1557072000000,2019-05-05 16:00:00,,,,
600039,daily,TIME_MISSING_FRESH,1557158400000,2019-05-06 16:00:00,,,,
600039,daily,TIME_MISSING_FRESH,1557244800000,2019-05-07 16:00:00,,,,
600039,daily,TIME_MISSING_FRESH,1557331200000,2019-05-08 16:00:00,,,,
600039,daily,TIME_MISSING_FRESH,1557417600000,2019-05-09 16:00:00,,,,
600039,daily,TIME_MISSING_FRESH,1557676800000,2019-05-12 16:00:00,,,,
600039,daily,TIME_MISSING_FRESH,1557763200000,2019-05-13 16:00:00,,,,
600039,daily,TIME_MISSING_FRESH,1557849600000,2019-05-14 16:00:00,,,,
600039,daily,TIME_MISSING_FRESH,1557936000000,2019-05-15 16:00:00,,,,
600039,daily,TIME_MISSING_FRESH,1558022400000,2019-05-16 16:00:00,,,,
600039,daily,TIME_MISSING_FRESH,1558281600000,2019-05-19 16:00:00,,,,
600039,daily,TIME_MISSING_FRESH,1558368000000,2019-05-20 16:00:00,,,,
600039,daily,TIME_MISSING_FRESH,1558454400000,2019-05-21 16:00:00,,,,
600039,daily,TIME_MISSING_FRESH,1558540800000,2019-05-22 16:00:00,,,,
600039,daily,TIME_MISSING_FRESH,1558627200000,2019-05-23 16:00:00,,,,
600039,daily,TIME_MISSING_FRESH,1558886400000,2019-05-26 16:00:00,,,,
600039,daily,TIME_MISSING_FRESH,1558972800000,2019-05-27 16:00:00,,,,
600039,daily,TIME_MISSING_FRESH,1559059200000,2019-05-28 16:00:00,,,,
600039,daily,TIME_MISSING_FRESH,1559145600000,2019-05-29 16:00:00,,,,
600039,daily,TIME_MISSING_FRESH,1559232000000,2019-05-30 16:00:00,,,,
600039,daily,TIME_MISSING_FRESH,1559491200000,2019-06-02 16:00:00,,,,
600039,daily,TIME_MISSING_FRESH,1559577600000,2019-06-03 16:00:00,,,,
600039,daily,TIME_MISSING_FRESH,1559664000000,2019-06-04 16:00:00,,,,
600039,daily,TIME_MISSING_FRESH,1559750400000,2019-06-05 16:00:00,,,,
600039,daily,TIME_MISSING_FRESH,1560096000000,2019-06-09 16:00:00,,,,
600039,daily,TIME_MISSING_FRESH,1560182400000,2019-06-10 16:00:00,,,,
600039,daily,TIME_MISSING_FRESH,1560268800000,2019-06-11 16:00:00,,,,
600039,daily,TIME_MISSING_FRESH,1560355200000,2019-06-12 16:00:00,,,,
600039,daily,TIME_MISSING_FRESH,1560441600000,2019-06-13 16:00:00,,,,
600039,daily,TIME_MISSING_FRESH,1560700800000,2019-06-16 16:00:00,,,,
600039,daily,TIME_MISSING_FRESH,1560787200000,2019-06-17 16:00:00,,,,
600039,daily,TIME_MISSING_FRESH,1560873600000,2019-06-18 16:00:00,,,,
600039,daily,TIME_MISSING_FRESH,1560960000000,2019-06-19 16:00:00,,,,
600039,daily,TIME_MISSING_FRESH,1561046400000,2019-06-20 16:00:00,,,,
600039,daily,TIME_MISSING_FRESH,1561305600000,2019-06-23 16:00:00,,,,
600039,daily,TIME_MISSING_FRESH,1561392000000,2019-06-24 16:00:00,,,,
600039,daily,TIME_MISSING_FRESH,1561478400000,2019-06-25 16:00:00,,,,
600039,daily,TIME_MISSING_FRESH,1561564800000,2019-06-26 16:00:00,,,,
600039,daily,TIME_MISSING_FRESH,1561651200000,2019-06-27 16:00:00,,,,
600039,daily,TIME_MISSING_FRESH,1561910400000,2019-06-30 16:00:00,,,,
600039,daily,TIME_MISSING_FRESH,1561996800000,2019-07-01 16:00:00,,,,
600039,daily,TIME_MISSING_FRESH,1562083200000,2019-07-02 16:00:00,,,,
600039,daily,TIME_MISSING_FRESH,1562169600000,2019-07-03 16:00:00,,,,
600039,daily,TIME_MISSING_FRESH,1562256000000,2019-07-04 16:00:00,,,,
600039,daily,TIME_MISSING_FRESH,1562515200000,2019-07-07 16:00:00,,,,
600039,daily,TIME_MISSING_FRESH,1562601600000,2019-07-08 16:00:00,,,,
600039,daily,TIME_MISSING_FRESH,1562688000000,2019-07-09 16:00:00,,,,
600039,daily,TIME_MISSING_FRESH,1562774400000,2019-07-10 16:00:00,,,,
600039,daily,TIME_MISSING_FRESH,1562860800000,2019-07-11 16:00:00,,,,
600039,daily,TIME_MISSING_FRESH,1563120000000,2019-07-14 16:00:00,,,,
600039,daily,TIME_MISSING_FRESH,1563206400000,2019-07-15 16:00:00,,,,
600039,daily,TIME_MISSING_FRESH,1563292800000,2019-07-16 16:00:00,,,,
600039,daily,TIME_MISSING_FRESH,1563379200000,2019-07-17 16:00:00,,,,
600039,daily,TIME_MISSING_FRESH,1563465600000,2019-07-18 16:00:00,,,,
600039,daily,TIME_MISSING_FRESH,1563724800000,2019-07-21 16:00:00,,,,
600039,daily,TIME_MISSING_FRESH,1563811200000,2019-07-22 16:00:00,,,,
600039,daily,TIME_MISSING_FRESH,1563897600000,2019-07-23 16:00:00,,,,
600039,daily,TIME_MISSING_FRESH,1563984000000,2019-07-24 16:00:00,,,,
600039,daily,TIME_MISSING_FRESH,1564070400000,2019-07-25 16:00:00,,,,
600039,daily,TIME_MISSING_FRESH,1564329600000,2019-07-28 16:00:00,,,,
600039,daily,TIME_MISSING_FRESH,1564416000000,2019-07-29 16:00:00,,,,
600039,daily,TIME_MISSING_FRESH,1564502400000,2019-07-30 16:00:00,,,,
600039,daily,TIME_MISSING_FRESH,1564588800000,2019-07-31 16:00:00,,,,
600039,daily,TIME_MISSING_FRESH,1564675200000,2019-08-01 16:00:00,,,,
600039,daily,TIME_MISSING_FRESH,1564934400000,2019-08-04 16:00:00,,,,
600039,daily,TIME_MISSING_FRESH,1565020800000,2019-08-05 16:00:00,,,,
600039,daily,TIME_MISSING_FRESH,1565107200000,2019-08-06 16:00:00,,,,
600039,daily,TIME_MISSING_FRESH,1565193600000,2019-08-07 16:00:00,,,,
600039,daily,TIME_MISSING_FRESH,1565280000000,2019-08-08 16:00:00,,,,
600039,daily,TIME_MISSING_FRESH,1565539200000,2019-08-11 16:00:00,,,,
600039,daily,TIME_MISSING_FRESH,1565625600000,2019-08-12 16:00:00,,,,
600039,daily,TIME_MISSING_FRESH,1565712000000,2019-08-13 16:00:00,,,,
600039,daily,TIME_MISSING_FRESH,1565798400000,2019-08-14 16:00:00,,,,
600039,daily,TIME_MISSING_FRESH,1565884800000,2019-08-15 16:00:00,,,,
600039,daily,TIME_MISSING_FRESH,1566144000000,2019-08-18 16:00:00,,,,
600039,daily,TIME_MISSING_FRESH,1566230400000,2019-08-19 16:00:00,,,,
600039,daily,TIME_MISSING_FRESH,1566316800000,2019-08-20 16:00:00,,,,
600039,daily,TIME_MISSING_FRESH,1566403200000,2019-08-21 16:00:00,,,,
600039,daily,TIME_MISSING_FRESH,1566489600000,2019-08-22 16:00:00,,,,
600039,daily,TIME_MISSING_FRESH,1566748800000,2019-08-25 16:00:00,,,,
600039,daily,TIME_MISSING_FRESH,1566835200000,2019-08-26 16:00:00,,,,
600039,daily,TIME_MISSING_FRESH,1566921600000,2019-08-27 16:00:00,,,,
600039,daily,TIME_MISSING_FRESH,1567008000000,2019-08-28 16:00:00,,,,
600039,daily,TIME_MISSING_FRESH,1567094400000,2019-08-29 16:00:00,,,,
600039,daily,TIME_MISSING_FRESH,1567353600000,2019-09-01 16:00:00,,,,
600039,daily,TIME_MISSING_FRESH,1567440000000,2019-09-02 16:00:00,,,,
600039,daily,TIME_MISSING_FRESH,1567526400000,2019-09-03 16:00:00,,,,
600039,daily,TIME_MISSING_FRESH,1567612800000,2019-09-04 16:00:00,,,,
600039,daily,TIME_MISSING_FRESH,1567699200000,2019-09-05 16:00:00,,,,
600039,daily,TIME_MISSING_FRESH,1567958400000,2019-09-08 16:00:00,,,,
600039,daily,TIME_MISSING_FRESH,1568044800000,2019-09-09 16:00:00,,,,
600039,daily,TIME_MISSING_FRESH,1568131200000,2019-09-10 16:00:00,,,,
600039,daily,TIME_MISSING_FRESH,1568217600000,2019-09-11 16:00:00,,,,
600039,daily,TIME_MISSING_FRESH,1568563200000,2019-09-15 16:00:00,,,,
600039,daily,TIME_MISSING_FRESH,1568649600000,2019-09-16 16:00:00,,,,
600039,daily,TIME_MISSING_FRESH,1568736000000,2019-09-17 16:00:00,,,,
600039,daily,TIME_MISSING_FRESH,1568822400000,2019-09-18 16:00:00,,,,
600039,daily,TIME_MISSING_FRESH,1568908800000,2019-09-19 16:00:00,,,,
600039,daily,TIME_MISSING_FRESH,1569168000000,2019-09-22 16:00:00,,,,
600039,daily,TIME_MISSING_FRESH,1569254400000,2019-09-23 16:00:00,,,,
600039,daily,TIME_MISSING_FRESH,1569340800000,2019-09-24 16:00:00,,,,
600039,daily,TIME_MISSING_FRESH,1569427200000,2019-09-25 16:00:00,,,,
600039,daily,TIME_MISSING_FRESH,1569513600000,2019-09-26 16:00:00,,,,
600039,daily,TIME_MISSING_FRESH,1569772800000,2019-09-29 16:00:00,,,,
600039,daily,TIME_MISSING_FRESH,1570464000000,2019-10-07 16:00:00,,,,
600039,daily,TIME_MISSING_FRESH,1570550400000,2019-10-08 16:00:00,,,,
600039,daily,TIME_MISSING_FRESH,1570636800000,2019-10-09 16:00:00,,,,
600039,daily,TIME_MISSING_FRESH,1570723200000,2019-10-10 16:00:00,,,,
600039,daily,TIME_MISSING_FRESH,1570982400000,2019-10-13 16:00:00,,,,
600039,daily,TIME_MISSING_FRESH,1571068800000,2019-10-14 16:00:00,,,,
600039,daily,TIME_MISSING_FRESH,1571155200000,2019-10-15 16:00:00,,,,
600039,daily,TIME_MISSING_FRESH,1571241600000,2019-10-16 16:00:00,,,,
600039,daily,TIME_MISSING_FRESH,1571328000000,2019-10-17 16:00:00,,,,
600039,daily,TIME_MISSING_FRESH,1571587200000,2019-10-20 16:00:00,,,,
600039,daily,TIME_MISSING_FRESH,1571673600000,2019-10-21 16:00:00,,,,
600039,daily,TIME_MISSING_FRESH,1571760000000,2019-10-22 16:00:00,,,,
600039,daily,TIME_MISSING_FRESH,1571846400000,2019-10-23 16:00:00,,,,
600039,daily,TIME_MISSING_FRESH,1571932800000,2019-10-24 16:00:00,,,,
600039,daily,TIME_MISSING_FRESH,1572192000000,2019-10-27 16:00:00,,,,
600039,daily,TIME_MISSING_FRESH,1572278400000,2019-10-28 16:00:00,,,,
600039,daily,TIME_MISSING_FRESH,1572364800000,2019-10-29 16:00:00,,,,
600039,daily,TIME_MISSING_FRESH,1572451200000,2019-10-30 16:00:00,,,,
600039,daily,TIME_MISSING_FRESH,1572537600000,2019-10-31 16:00:00,,,,
600039,daily,TIME_MISSING_FRESH,1572796800000,2019-11-03 16:00:00,,,,
600039,daily,TIME_MISSING_FRESH,1572883200000,2019-11-04 16:00:00,,,,
600039,daily,TIME_MISSING_FRESH,1572969600000,2019-11-05 16:00:00,,,,
600039,daily,TIME_MISSING_FRESH,1573056000000,2019-11-06 16:00:00,,,,
600039,daily,TIME_MISSING_FRESH,1573142400000,2019-11-07 16:00:00,,,,
600039,daily,TIME_MISSING_FRESH,1573401600000,2019-11-10 16:00:00,,,,
600039,daily,TIME_MISSING_FRESH,1573488000000,2019-11-11 16:00:00,,,,
600039,daily,TIME_MISSING_FRESH,1573574400000,2019-11-12 16:00:00,,,,
600039,daily,TIME_MISSING_FRESH,1573660800000,2019-11-13 16:00:00,,,,
600039,daily,TIME_MISSING_FRESH,1573747200000,2019-11-14 16:00:00,,,,
600039,daily,TIME_MISSING_FRESH,1574006400000,2019-11-17 16:00:00,,,,
600039,daily,TIME_MISSING_FRESH,1574092800000,2019-11-18 16:00:00,,,,
600039,daily,TIME_MISSING_FRESH,1574179200000,2019-11-19 16:00:00,,,,
600039,daily,TIME_MISSING_FRESH,1574265600000,2019-11-20 16:00:00,,,,
600039,daily,TIME_MISSING_FRESH,1574352000000,2019-11-21 16:00:00,,,,
600039,daily,TIME_MISSING_FRESH,1574611200000,2019-11-24 16:00:00,,,,
600039,daily,TIME_MISSING_FRESH,1574697600000,2019-11-25 16:00:00,,,,
600039,daily,TIME_MISSING_FRESH,1574784000000,2019-11-26 16:00:00,,,,
600039,daily,TIME_MISSING_FRESH,1574870400000,2019-11-27 16:00:00,,,,
600039,daily,TIME_MISSING_FRESH,1574956800000,2019-11-28 16:00:00,,,,
600039,daily,TIME_MISSING_FRESH,1575216000000,2019-12-01 16:00:00,,,,
600039,daily,TIME_MISSING_FRESH,1575302400000,2019-12-02 16:00:00,,,,
600039,daily,TIME_MISSING_FRESH,1575388800000,2019-12-03 16:00:00,,,,
600039,daily,TIME_MISSING_FRESH,1575475200000,2019-12-04 16:00:00,,,,
600039,daily,TIME_MISSING_FRESH,1575561600000,2019-12-05 16:00:00,,,,
600039,daily,TIME_MISSING_FRESH,1575820800000,2019-12-08 16:00:00,,,,
600039,daily,TIME_MISSING_FRESH,1575907200000,2019-12-09 16:00:00,,,,
600039,daily,TIME_MISSING_FRESH,1575993600000,2019-12-10 16:00:00,,,,
600039,daily,TIME_MISSING_FRESH,1576080000000,2019-12-11 16:00:00,,,,
600039,daily,TIME_MISSING_FRESH,1576166400000,2019-12-12 16:00:00,,,,
600039,daily,TIME_MISSING_FRESH,1576425600000,2019-12-15 16:00:00,,,,
600039,daily,TIME_MISSING_FRESH,1576512000000,2019-12-16 16:00:00,,,,
600039,daily,TIME_MISSING_FRESH,1576598400000,2019-12-17 16:00:00,,,,
600039,daily,TIME_MISSING_FRESH,1576684800000,2019-12-18 16:00:00,,,,
600039,daily,TIME_MISSING_FRESH,1576771200000,2019-12-19 16:00:00,,,,
600039,daily,TIME_MISSING_FRESH,1577030400000,2019-12-22 16:00:00,,,,
600039,daily,TIME_MISSING_FRESH,1577116800000,2019-12-23 16:00:00,,,,
600039,daily,TIME_MISSING_FRESH,1577203200000,2019-12-24 16:00:00,,,,
600039,daily,TIME_MISSING_FRESH,1577289600000,2019-12-25 16:00:00,,,,
600039,daily,TIME_MISSING_FRESH,1577376000000,2019-12-26 16:00:00,,,,
600039,daily,TIME_MISSING_FRESH,1577635200000,2019-12-29 16:00:00,,,,
600039,daily,TIME_MISSING_FRESH,1577721600000,2019-12-30 16:00:00,,,,
600039,daily,TIME_MISSING_FRESH,1577894400000,2020-01-01 16:00:00,,,,
600039,daily,TIME_MISSING_FRESH,1577980800000,2020-01-02 16:00:00,,,,
600039,daily,TIME_MISSING_FRESH,1578240000000,2020-01-05 16:00:00,,,,
600039,daily,TIME_MISSING_FRESH,1578326400000,2020-01-06 16:00:00,,,,
600039,daily,TIME_MISSING_FRESH,1578412800000,2020-01-07 16:00:00,,,,
600039,daily,TIME_MISSING_FRESH,1578499200000,2020-01-08 16:00:00,,,,
600039,daily,TIME_MISSING_FRESH,1578585600000,2020-01-09 16:00:00,,,,
600039,daily,TIME_MISSING_FRESH,1578844800000,2020-01-12 16:00:00,,,,
600039,daily,TIME_MISSING_FRESH,1578931200000,2020-01-13 16:00:00,,,,
600039,daily,TIME_MISSING_FRESH,1579017600000,2020-01-14 16:00:00,,,,
600039,daily,TIME_MISSING_FRESH,1579104000000,2020-01-15 16:00:00,,,,
600039,daily,TIME_MISSING_FRESH,1579190400000,2020-01-16 16:00:00,,,,
600039,daily,TIME_MISSING_FRESH,1579449600000,2020-01-19 16:00:00,,,,
600039,daily,TIME_MISSING_FRESH,1579536000000,2020-01-20 16:00:00,,,,
600039,daily,TIME_MISSING_FRESH,1579622400000,2020-01-21 16:00:00,,,,
600039,daily,TIME_MISSING_FRESH,1579708800000,2020-01-22 16:00:00,,,,
600039,daily,TIME_MISSING_FRESH,1580659200000,2020-02-02 16:00:00,,,,
600039,daily,TIME_MISSING_FRESH,1580745600000,2020-02-03 16:00:00,,,,
600039,daily,TIME_MISSING_FRESH,1580832000000,2020-02-04 16:00:00,,,,
600039,daily,TIME_MISSING_FRESH,1580918400000,2020-02-05 16:00:00,,,,
600039,daily,TIME_MISSING_FRESH,1581004800000,2020-02-06 16:00:00,,,,
600039,daily,TIME_MISSING_FRESH,1581264000000,2020-02-09 16:00:00,,,,
600039,daily,TIME_MISSING_FRESH,1581350400000,2020-02-10 16:00:00,,,,
600039,daily,TIME_MISSING_FRESH,1581436800000,2020-02-11 16:00:00,,,,
600039,daily,TIME_MISSING_FRESH,1581523200000,2020-02-12 16:00:00,,,,
600039,daily,TIME_MISSING_FRESH,1581609600000,2020-02-13 16:00:00,,,,
600039,daily,TIME_MISSING_FRESH,1581868800000,2020-02-16 16:00:00,,,,
600039,daily,TIME_MISSING_FRESH,1581955200000,2020-02-17 16:00:00,,,,
600039,daily,TIME_MISSING_FRESH,1582041600000,2020-02-18 16:00:00,,,,
600039,daily,TIME_MISSING_FRESH,1582128000000,2020-02-19 16:00:00,,,,
600039,daily,TIME_MISSING_FRESH,1582214400000,2020-02-20 16:00:00,,,,
600039,daily,TIME_MISSING_FRESH,1582473600000,2020-02-23 16:00:00,,,,
600039,daily,TIME_MISSING_FRESH,1582560000000,2020-02-24 16:00:00,,,,
